Id,Cod_pb,E_t,S_t_c_v_kgs,Rec_kgs,G_ti_kgs,Merm_kgs,Dif_pb_stc_kgs,Criterio
1,DCP,1,22.831,0.652,0,0.202,0.015,BA
2,DCP,1,6.14,0.19,0,0.046,0.024,BA
3,DCP,1,6.12,0.111,0,0.08,0.089,BA
4,DCP,1,6.8,0.041,0,0.116,0.023,BA
5,DCP,1,5.17,0.1,0,0.22,0.03,MA
6,DCP,2,6.11,0,0,0.055,0.005,BA
7,DCP,2,9.415,0,0,0.14,0.025,BA
8,DCP,2,10.23,0,0.26,0.2,0.06,BA
9,DCP,2,10.485,0,0.11,0.13,0,BA
10,DCP,1,7.875,0,0.055,0.045,0.005,BA
11,DCP,1,7.255,0,0.065,0.06,0.01,BA
12,DCP,1,7.26,0,0.1,0.1,0.015,BA
13,DCP,1,13.15,0,0.4,0.35,0.05,BA
14,DCP,1,10.2,0,0.44,0.41,0.15,MA
15,DCP,1,5.11,0,1.57,0.41,0.05,MA
16,DCP,2,12.61,0,0.47,0.12,0.015,BA
17,DCP,2,9.85,0,0.595,0.185,0.07,MA
18,DCP,2,9.85,0,0.6,0.175,0.025,MA
19,DCP,1,7.2,0,0,0.1,0,BA
20,DCP,1,5.3,0,0,0.1,0,BA
21,DCP,1,8.8,0,0,0.1,0,BA
22,DCP,1,5.05,0.25,0.4,0.1,0,MA
23,DCP,2,5.07,0,0,0.065,0.02,BA
24,DCP,2,7.415,0,0,0.075,0.035,BA
25,DCP,2,7.26,0,0,0.105,0.025,BA
26,DCP,2,6.425,0.21,0.225,0.185,0.065,MA
27,DCP,2,7.675,0,0.07,0.165,0.035,BA
28,DCP,2,7.36,0,0.115,0.3,0,BA
29,DCP,2,6.155,0.13,0.045,0.2,0.055,BA
30,DCP,2,7.42,0,0.075,0,0.095,BA
31,DCP,2,9.95,0,0.38,0.245,0.075,BA
32,DCP,2,10.9,0.11,0.585,0.1,0,MA
33,DCP,2,9.2,0,0.63,0.12,0.06,MA
34,DCP,2,7,0,0.1,0.2,0.035,BA
35,DCP,2,6.715,0.085,0.1,0.245,0.015,BA
36,DCP,2,10.39,0,0.44,0.305,0.135,MA
37,DCP,2,8.2,0,0.305,0.24,0.085,MA
38,DCP,2,5.34,0,0,0.195,0.085,MA
39,DCP,2,5.4,0,0.145,0.085,0.005,BA
40,DCP,2,4.9,0,0.105,0.07,0.075,BA
41,DCP,2,6.45,0,0,0.12,0.07,BA
42,DCP,2,5.13,0,0,0.08,0.035,BA
43,DCP,2,4.87,0,0,0.075,0,BA
44,DCP,2,6.605,0,0,0.115,0.04,BA
45,DCP,2,4.72,0,0,0.1,0.03,BA
46,DCP,2,7.255,0,0.63,0.3,0.04,MA
47,DCP,2,10.47,0,0.445,0.14,0.02,BA
48,DCP,2,7.255,0,0.035,0.085,0.005,BA
49,DCP,2,7.11,0,0.17,0.095,0,BA
50,DCP,2,5.295,0,0.12,0.14,0,BA
51,DCP,2,7.54,0,0.175,0.09,0.015,BA
52,DCP,2,10.16,0,0.85,0.185,0.075,MA
53,DCP,2,12.51,0,0.745,0.3,0,MA
54,DCP,2,10.975,0,0.67,0.14,0.01,MA
55,DCP,3,9,0,0.92,0.23,0.02,MA
56,DCP,3,11.4,0,0.74,0.32,0.05,MA
57,DCP,2,12.415,0.04,0,0.285,0.035,BA
58,DCP,2,8.555,0,0.42,0.215,0.04,MA
59,DCP,2,14.065,0,0.27,0.17,0.065,BA
60,DCP,2,6.43,0,0.08,0.04,0.005,BA
61,DCP,2,7.415,0,0.05,0.06,0.005,BA
62,DCP,2,7.28,0,0,0.075,0.03,BA
63,DCP,2,6.405,0,0.085,0.08,0.02,BA
64,DCP,2,6.205,0,0,0.045,0.03,BA
65,DCP,2,6.185,0,0,0.055,0.04,BA
66,DCP,2,11.48,0.115,0.2,0.325,0.005,BA
67,DCP,2,6.285,0,0,0.2,0.035,BA
68,DCP,2,5.32,0,0,0.155,0.035,BA
69,DCP,2,5.99,0,0,0.09,0.035,BA
70,DCP,2,5.265,0,0,0.07,0.07,BA
71,DCP,2,5.7,0.13,0,0.08,0,BA
72,DCP,2,7.1,0,0.95,0.37,0.09,MA
73,DCP,2,6.5,0,0.2,0.17,0.025,BA
74,DCP,2,6.8,0.7,0,0.227,0.068,MA
75,DCP,2,7.3,0,0,0.8,0.065,MA
76,DCP,2,7.91,0,0,0.095,0.03,BA
77,DCP,2,6.58,0,0,0.13,0.05,BA
78,DCP,2,8.6,0,0,0.11,0.02,BA
79,DCP,2,12.975,0.145,0,0.225,0.01,BA
80,DCP,2,12.245,0,0,0.34,0,BA
81,DCP,2,10.795,0,0,0.24,0.07,BA
82,DCP,2,5.195,0,0,0.15,0.04,BA
83,DCP,2,4.32,0,0,0.145,0.04,MA
84,DCP,2,5.13,0,0,0.15,0.025,BA
85,DCP,2,3.935,0,0,0.13,0.03,BA
86,DCP,2,5.88,0,0,0.15,0.055,BA
87,DCP,2,4.88,0,0,0.16,0.025,BA
88,DCP,2,5.58,0,0,0.23,0.04,MA
89,DCP,2,4.11,0.11,0,0.16,0,BA
90,DCP,2,14.695,0,0,0.12,0,BA
91,DCP,2,11.17,0,0,0.24,0.11,BA
92,DCP,2,7.8,0,0,0.32,0.1,MA
93,DCP,2,7.24,0,0.075,0.2,0.06,BA
94,DCP,2,8.665,0,0.235,0.43,0.05,MA
95,DCP,2,6.03,0,0.265,0.14,0.045,BA
96,DCP,2,6.83,0.135,0.27,0.23,0.03,MA
97,DCP,2,12.56,0.2,0.36,0.225,0.005,BA
98,DCP,2,7.32,0.2,0.105,0.45,0.005,MA
99,DCP,3,7.08,0,0.265,0.08,0.14,BA
100,DCP,3,6.1,0.53,0.26,0.195,0.06,MA
101,DCP,3,6.7,0,0.265,0.08,0.035,BA
102,DCP,3,5.9,0.535,0.1,0,0.075,MA
103,DCP,3,5.8,0.265,0.13,0,0.095,MA
104,DCP,3,14.3,0.31,0.075,0.215,0,BA
105,DCP,3,6.4,0.415,0.055,0.06,0.01,MA
106,DCP,3,6.2,0.415,0.11,0.195,0.03,MA
107,DCP,2,9.38,0,0.41,0.19,0,BA
108,DCP,2,9.805,0,0.215,0.175,0.015,BA
109,DCP,2,9.49,0,0.48,0.16,0.015,BA
110,DCP,2,6.65,0,0,0.135,0.03,BA
111,DCP,2,5.85,0,0,0.12,0.005,BA
112,DCP,2,5.735,0,0,0.05,0.035,BA
113,DCP,2,6.5,0.22,0.11,0,0.025,BA
114,DCP,2,8,0.63,0.12,0.345,0.085,MA
115,DCP,2,10.9,0.43,0.175,0,0.015,BA
116,DCP,2,7.9,0.665,0.18,0.305,0.005,MA
117,DCP,2,5.5,0.15,0.08,0,0.04,BA
118,DCP,2,5.3,0.05,0.14,0,0.05,BA
119,DCP,2,5.5,0.33,0.125,0,0.06,MA
120,DCP,2,6,0.26,0.105,0,0.03,BA
121,DCP,2,9.97,0,0.23,0.155,0.075,BA
122,DCP,2,12.38,0,0.285,0.175,0.03,BA
123,DCP,2,10.19,0,0.395,0.31,0.02,BA
124,DCP,2,9.655,0.1,0,0.1,0,BA
125,DCP,2,10.165,0,0,0.15,0.01,BA
126,DCP,2,9.925,0.175,0,0.105,0.04,BA
127,DCP,2,9.975,0,0,0.15,0.025,BA
128,DCP,2,11.325,0.055,0,0.125,0.1,BA
129,DCP,2,8.655,0,0.32,0.165,0.03,BA
130,DCP,2,10.97,0,0.5,0.285,0.04,BA
131,DCP,2,10.265,0,0.31,0.225,0.045,BA
132,DCP,3,11.7,0.14,0.12,0.1,0.01,BA
133,DCP,3,11.4,0.15,0,0.42,0,BA
134,DCP,3,11.7,0.14,0.12,0.1,0.015,BA
135,DCP,3,11.4,0.15,0,0.42,0,BA
136,DCP,2,11.55,0.11,0.26,0.41,0,BA
137,DCP,2,9.295,0,0.56,0.16,0,MA
138,DCP,2,11.725,0,0.145,0.24,0.095,BA
139,DCP,2,7.64,0.065,0,0.11,0.02,BA
140,DCP,2,11.14,0,0.62,0.21,0.045,MA
141,DCP,2,12.115,0,0.445,0.4,0.005,BA
142,DCP,2,10.35,0,0,0.09,0.05,BA
143,DCP,2,10.28,0,0.2,0.15,0.015,BA
144,DCP,2,11.49,0,0,0.19,0.065,BA
145,DCP,2,9.8,0.52,0.33,0,0.05,MA
146,DCP,2,11.2,0.64,0.46,0,0,MA
147,DCP,2,11.6,0.72,0.48,0,0.08,MA
148,DCP,3,10.565,0,0.5,0.5,0,MA
149,DCP,3,7.64,0,0.51,0.095,0.01,MA
150,DCP,2,6.975,0.05,0.11,0.12,0.035,BA
151,DCP,2,11.275,0.05,0.35,0.735,0.06,MA
152,DCP,2,6.675,0,0,0.195,0.055,BA
153,DCP,2,5.95,0,0.17,0.07,0.03,BA
154,DCP,2,5.885,0.075,0.315,0.11,0.015,MA
155,DCP,2,6.64,0,0,0.08,0.05,BA
156,DCP,2,6.6,0,0,0.16,0.01,BA
157,DCP,2,7.1,0,0,0.175,0,BA
158,DCP,2,6.145,0,0,0.045,0.04,BA
159,DCP,2,10.745,0,0,0.27,0.1,BA
160,DCP,2,11.31,0,0.85,0.08,0.015,MA
161,DCP,2,11.01,0,0.69,0.24,0.045,MA
162,DCP,2,7.885,0,0.545,0.205,0.03,MA
163,DCP,3,12.63,0.24,0.315,0.365,0.115,MA
164,DCP,2,8.98,0.23,0.5,0.055,0.17,MA
165,DCP,2,8.2,0,0.49,0.45,0.07,MA
166,DCP,2,7.91,0,0.28,0.345,0,MA
167,DCP,2,10.04,0,0.45,0.245,0.035,BA
168,DCP,3,5.46,0.245,0.055,0,0.08,BA
169,DCP,3,7.3,0,0.25,0,0.08,BA
170,DCP,3,5.15,0.47,0.12,0,0.01,MA
171,DCP,3,5.46,0.295,0.055,0,0,MA
172,DCP,2,12,0,1.205,0.12,0,MA
173,DCP,2,12.38,0,0.915,0.12,0.035,MA
174,DCP,2,13.61,0,1.23,0.155,0.035,MA
175,DCP,2,11.155,0,0,0.31,0.035,BA
176,DCP,2,12.125,0,0,0.315,0.04,BA
177,DCP,2,8.935,0,0,0.235,0.01,BA
178,DCP,2,12.215,0,0,0.39,0.145,MA
179,DCP,3,11,0.07,0.075,0.03,0,BA
180,DCP,2,5.68,0,0.325,0.32,0.065,MA
181,DCP,2,5.875,0,0.17,0.29,0.04,MA
182,DCP,2,5.715,0,0.145,0.215,0.09,MA
183,DCP,2,5.82,0,0,0,0.155,BA
184,DCP,2,10.78,0,0.99,0.57,0.17,MA
185,DCP,2,6.595,0.15,0.06,0,0.02,BA
186,DCP,2,7.86,0.155,0.095,0,0.02,BA
187,DCP,2,5.695,0,0.185,0.05,0.015,BA
188,DCP,2,7.76,0,0.225,0.045,0.01,BA
189,DCP,3,6.6,0.315,0.08,0,0.01,BA
190,DCP,3,7.6,0.085,0.075,0,0.06,BA
191,DCP,3,8.4,0.47,0.225,0,0.01,MA
192,DCP,3,7.2,0.15,0.145,0,0.005,BA
193,DCP,3,6.7,0.345,0,0.6,0.005,MA
194,DCP,3,7,0.095,0.075,0.075,0.035,BA
195,DCP,3,7.2,0.42,0.195,0.115,0.025,MA
196,DCP,3,7.6,0,0.195,0.05,0.06,BA
197,DCP,2,8.2,0,0.145,0.045,0.085,BA
198,DCP,2,7.1,0,0.125,0.32,0.06,MA
199,DCP,2,8.5,0,0.15,0.075,0.095,BA
200,DCP,2,8.9,0,0.11,0.07,0.075,BA
201,DCP,2,8.6,0,0.04,0.34,0.01,BA
202,DCP,2,8.6,0,0.105,0.135,0.08,BA
203,DCP,2,4.9,0,0,0.125,0.06,BA
204,DCP,2,5.4,0,0,0.105,0.095,BA
205,DCP,2,4.6,0,0,0.05,0.055,BA
206,DCP,2,5,0,0,0.085,0.055,BA
207,DCP,2,10.7,0,0.41,0.305,0.055,BA
208,DCP,2,7.6,0,0,0.135,0.065,BA
209,DCP,2,9.6,0,0,0.3,0.085,BA
210,DCP,2,10.3,0,0.12,0.095,0.045,BA
211,DCP,3,12.4,0.69,0,0.245,0.03,MA
212,DCP,3,11.3,0.48,0.595,0.31,0.075,MA
213,DCP,3,9,0.27,0.06,0.055,0.055,BA
214,DCP,3,3.4,0,0.04,0.06,0.08,BA
215,DCP,2,12.6,0,0.185,0.155,0.02,BA
216,DCP,2,9.3,0,0.03,0.07,0.09,BA
217,DCP,2,11.2,0,0.515,0.34,0.03,MA
218,DCP,2,10.7,0,0.085,0.11,0.09,BA
219,DCP,2,5,0,0,0.035,0.065,BA
220,DCP,2,5.3,0,0,0.065,0.05,BA
221,DCP,2,5.3,0,0,0.04,0,BA
222,DCP,2,5.8,0,0,0.05,0.075,BA
223,DCP,2,6,0,0.11,0.04,0.045,BA
224,DCP,2,14.5,0,0.77,0.455,0.065,MA
225,DCP,2,10.2,0,0.325,0.195,0.02,BA
226,DCP,2,5.2,0,0.04,0.045,0.04,BA
227,DCP,2,6.8,0,0,0.045,0.07,BA
228,DCP,2,5.1,0,0,0.145,0.01,BA
229,DCP,2,11,0,0.265,0.275,0.08,BA
230,DCP,3,10,0,0,0.18,0.16,BA
231,DCP,3,11.4,0,0,0.12,0.08,BA
232,DCP,3,6,0.275,0.115,0.055,0.065,MA
233,DCP,3,6.4,0.5,0,0.07,0.05,MA
234,DCP,3,6.25,0.095,0.11,0.045,0,BA
235,DCP,3,5.2,0.32,0.01,0.055,0.04,MA
236,DCP,2,5.2,0,0.835,0.075,0.04,MA
237,DCP,2,4.7,0,0,0.035,0.02,BA
238,DCP,2,7.1,0,0,0.04,0.085,BA
239,DCP,2,8.9,0,0.315,0.425,0.015,MA
240,DCP,3,9.7,0.375,0.155,0.32,0,MA
241,DCP,3,9.5,0.405,0.485,0.455,0.01,MA
242,DCP,2,11.815,0,0.52,0.325,0.035,BA
243,DCP,2,8.9,0,0.775,0.135,0.05,MA
244,DCP,2,10.22,0,0.565,0.12,0.01,MA
245,DCP,2,13.1,0,0.235,0.13,0.075,BA
246,DCP,2,9.11,0,0.32,0.52,0.005,MA
247,DCP,2,9.75,0,1.305,0.07,0,MA
248,DCP,2,8.515,0,0.36,0.39,0.055,MA
249,DCP,2,9.85,0,0.59,0.145,0,MA
250,DCP,2,7,0,0.225,0.275,0.035,MA
251,DCP,2,9,0,0.215,0.275,0.02,BA
252,DCP,2,11.4,0,0.495,0.285,0.015,BA
253,DCP,2,11,0,0.455,0.185,0.025,BA
254,DCP,2,10,0,0.625,0.36,0.055,MA
255,DCP,2,7.4,0,0.455,0.16,0,MA
256,DCP,2,11,0,0.4,0.3,0.05,BA
257,DCP,2,9.1,0,0.475,0.27,0.08,MA
258,DCP,2,7.6,0,0,0.17,0.095,BA
259,DCP,2,9.25,0,0.64,0.12,0.015,MA
260,DCP,2,6.6,0,0,0.07,0.07,BA
261,DCP,2,7.8,0,0,0.06,0.01,BA
262,DCP,2,7.57,0,0,0.065,0,BA
263,DCP,2,7.61,0,0,0.05,0.065,BA
264,DCP,2,5.1,0,0,0.145,0.08,MA
265,DCP,2,10.7,0,0.515,0.375,0.095,MA
266,DCP,2,8.8,0,0.38,0.255,0.015,BA
267,DCP,2,6.1,0,0,0.075,0.065,BA
268,DCP,2,6.1,0,0,0.1,0.085,BA
269,DCP,3,11.2,0,0.18,0.23,0.01,BA
270,DCP,2,9.8,0,0.375,0.485,0.01,MA
271,DCP,2,11.7,0,0.355,0.4,0.085,BA
272,DCP,2,10,0,0,0.155,0.04,BA
273,DCP,2,8.4,0,0,0.175,0.075,BA
274,DCP,2,12.3,0,0,0.255,0.085,BA
275,DCP,3,5.4,0,0,0.11,0.005,BA
276,DCP,3,7,0,0,0.07,0.015,BA
277,DCP,2,9.1,0,0.55,0.225,0.095,MA
278,DCP,2,5.1,0,0,0.135,0.045,BA
279,DCP,2,9.6,0,0.26,0.185,0.095,BA
280,DCP,2,13.1,0,0.265,0.27,0.065,BA
281,DCP,2,12.5,0,0.355,0.165,0.045,BA
282,DCP,2,5.4,0,0,0.11,0.02,BA
283,DCP,2,6.4,0,0,0.25,0.06,MA
284,DCP,2,6.2,0,0,0.18,0.08,MA
285,DCP,2,6.8,0,0,0.245,0.005,BA
286,DCP,2,5.8,0,0,0.19,0.025,BA
287,DCP,2,4.8,0,0,0.24,0.05,MA
288,DCP,2,8.7,0,0.345,0.18,0.05,BA
289,DCP,2,8.4,0,0,0.265,0.025,BA
290,DCP,2,10.6,0,0.475,0.32,0.025,MA
291,DCP,2,10.9,0,0.335,0.37,0.01,BA
292,DCP,2,10.6,0,0,0.16,0.045,BA
293,DCP,2,7.9,0,0,0.085,0.085,BA
294,DCP,2,11,0,0,0.315,0.01,BA
295,DCP,2,9.7,0,0.275,0.155,0.035,BA
296,DCP,2,11.3,0,0.205,0.175,0.045,BA
297,DCP,2,8,0,0.215,0.41,0.005,MA
298,DCP,3,7.7,0,0.365,0.245,0.075,MA
299,DCP,3,12.3,0.24,0.425,0.305,0.05,MA
300,DCP,2,10,0,0.49,0.53,0.01,MA
301,DCP,2,5.6,0.07,0,0.065,0.04,BA
302,DCP,2,5.52,0,0,0.065,0.005,BA
303,DCP,2,5.93,0.05,0,0.08,0.005,BA
304,DCP,2,5.9,0,0,0.045,0.09,BA
305,DCP,2,6.8,0,0.385,0.37,0.055,MA
306,DCP,2,11.6,0,0.13,0.62,0.05,MA
307,DCP,2,9.9,0,0.385,0.295,0.075,MA
308,DCP,2,4.9,0,0,0.105,0.005,BA
309,DCP,2,9.28,0,0.27,0.215,0,BA
310,DCP,2,7.8,0,0.27,0.15,0.065,BA
311,DCP,2,9.5,0,0,0.205,0.015,BA
312,DCP,2,9.5,0,0.465,0.535,0.155,MA
313,DCP,2,12.8,0,0.185,0.725,0.04,MA
314,DCP,2,7.8,0,0.4,0.05,0.08,BA
315,DCP,2,6.3,0,0,0.205,0.075,MA
316,DCP,2,5.3,0,0,0.25,0.03,MA
317,DCP,2,7.1,0,0,0.385,0.07,MA
318,DCP,3,11.2,0,0,0.265,0.06,BA
319,DCP,2,9.3,0,0.425,0.44,0,MA
320,DCP,2,9,0,0.315,0.53,0.095,MA
321,DCP,2,5.1,0,0,0.07,0.095,BA
322,DCP,2,5.6,0,0,0.045,0.005,BA
323,DCP,2,5.1,0,0,0.07,0.095,BA
324,DCP,2,5.89,0,0,0.09,0,BA
325,DCP,2,5.2,0,0,0.055,0.09,BA
326,DCP,2,6.6,0,0,0.075,0.005,BA
327,DCP,2,13.53,0,0.65,0.25,0,BA
328,DCP,2,9.92,0,0.145,0.285,0,BA
329,DCP,2,11.6,0,0.515,0.45,0.075,MA
330,DCP,3,9.2,0,0.43,0.375,0.035,MA
331,DCP,3,6.6,0,0.125,0.075,0.04,BA
332,DCP,3,6.1,0,0.26,0.065,0.015,BA
333,DCP,2,13.3,0,0.5,0.65,0.02,MA
334,DCP,2,11.3,0,0.38,0.74,0.04,MA
335,DCP,2,6.8,0,0.035,0.22,0.06,BA
336,DCP,2,10.9,0,0.095,0.35,0.085,BA
337,DCP,2,6.3,0,0,0.1,0.005,BA
338,DCP,2,5.8,0,0,0.195,0.085,MA
339,DCP,2,6.7,0,0,0.245,0.03,BA
340,DCP,2,5.3,0,0,0.105,0.095,BA
341,DCP,2,5.5,0,0,0.075,0.085,BA
342,DCP,2,4.8,0,0,0.07,0.075,BA
343,DCP,2,6,0,0,0.105,0.095,BA
344,DCP,2,5.4,0,0,0.095,0,BA
345,DCP,2,6.7,0,0,0.085,0.03,BA
346,DCP,2,5.5,0,0,0.07,0.09,BA
347,DCP,2,7.6,0,0,0.1,0.035,BA
348,DCP,2,6,0,0,0.1,0.075,BA
349,DCP,2,7.8,0,0,0.085,0.055,BA
350,DCP,2,5.4,0,0,0.08,0.095,BA
351,DCP,2,5.6,0,0,0.07,0.05,BA
352,DCP,2,6.3,0,0,0.18,0.025,BA
353,DCP,2,6.3,0,0,0.135,0.095,BA
354,DCP,2,9.7,0,0.205,0.305,0.08,BA
355,DCP,2,6.35,0,0,0.075,0.005,BA
356,DCP,2,5.095,0,0,0.045,0.005,BA
357,DCP,2,5.83,0,0,0.06,0.005,BA
358,DCP,2,6,0,0,0.05,0.065,BA
359,DCP,2,12.4,0,0.175,0.18,0.02,BA
360,DCP,2,11.8,0,0.315,0.35,0.055,BA
361,DCP,2,10.59,0,0.665,0.36,0.005,MA
362,DCP,2,9.7,0,0.425,0.4,0.03,MA
363,DCP,2,9.5,0,0.605,0.49,0.07,MA
364,DCP,2,11.4,0,0.305,0.425,0.09,MA
365,DCP,2,7.2,0,0,0.165,0.04,BA
366,DCP,2,4.6,0,0,0.195,0.025,MA
367,DCP,2,7.4,0,0.245,0.11,0.08,BA
368,DCP,2,5.3,0,0,0.055,0.055,BA
369,DCP,2,4.9,0,0,0.12,0.06,BA
370,DCP,3,10.6,0,0.17,0.215,0.07,BA
371,DCP,2,9.3,0,0.37,0.235,0.03,BA
372,DCP,2,10.25,0,0,0.145,0.005,BA
373,DCP,2,10.42,0,0,0.125,0.005,BA
374,DCP,2,10.7,0,0.175,0.16,0.01,BA
375,DCP,2,10.4,0,0.065,0.035,0.07,BA
376,DCP,2,8.9,0,0.115,0.045,0.02,BA
377,DCP,2,9,0,0.165,0.06,0.065,BA
378,DCP,2,10.6,0,0.045,0.35,0.02,BA
379,DCP,2,8.2,0,0,0.105,0.02,BA
380,DCP,2,11.7,0,0,0.405,0.04,BA
381,DCP,2,9.89,0,0.56,0.215,0.05,MA
382,DCP,2,9.59,0,0.41,0.075,0.01,BA
383,DCP,2,8.47,0,0,0.08,0,BA
384,DCP,2,9.47,0,0.405,0.08,0.005,BA
385,DCP,1,8.175,0,0,0.085,0.045,BA
386,DCP,1,6.69,0,0,0.115,0.02,BA
387,DCP,1,7.935,0,0,0.115,0.035,BA
388,DCP,1,10.54,0,1.65,0.235,0.035,MA
389,DCP,1,12.39,0,0.59,0.405,0.135,MA
390,DCP,1,12.85,0,0.59,0.44,0.03,MA
391,DCP,1,8.645,0,0,0.175,0.05,BA
392,DCP,1,11.11,0,0,0.155,0.02,BA
393,DCP,1,12.86,0,0,0.18,0.02,BA
394,DCP,1,6.325,0,0.255,0.06,0.155,BA
395,DCP,1,6.635,0,0.275,0.275,0.075,MA
396,DCP,2,11.5,0,0.06,0.18,0.035,BA
397,DCP,2,12.69,0,0.335,0.27,0.005,BA
398,DCP,2,6.2,0,0,0.05,0.065,BA
399,DCP,2,4.3,0,0,0.85,0.045,MA
400,DCP,2,5.3,0,0,0.05,0.08,BA
401,DCP,2,5.1,0,0,0.045,0.015,BA
402,DCP,2,5.2,0,0,0.075,0.09,BA
403,DCP,2,5.6,0,0,0.07,0.09,BA
404,DCP,2,5.51,0,0,0.065,0.005,BA
405,DCP,2,7,0,0,0.065,0.035,BA
406,DCP,2,6.8,0,0,0.1,0.04,BA
407,DCP,2,7.1,0,0.04,0.165,0.02,BA
408,DCP,2,7.2,0,0.08,0.2,0.045,BA
409,DCP,2,7.4,0,0,0.22,0.045,BA
410,DCP,2,10.86,0,0,0.165,0.005,BA
411,DCP,2,12.58,0,0,0.215,0.005,BA
412,DCP,2,12.65,0,0,0.205,0.005,BA
413,DCP,2,6.4,0,0,0.36,0.015,MA
414,DCP,2,7.5,0,0.11,0.55,0.005,MA
415,DCP,2,10.7,0,0.64,0.62,0.06,MA
416,DCP,2,9.46,0,0.3,0.145,0.025,BA
417,DCP,2,11.55,0,0.405,0.2,0.015,BA
418,DCP,2,9.05,0,0.34,0.12,0.055,BA
419,DCP,2,9.33,0,0.4,0.12,0.025,BA
420,DCP,2,10.965,0,0.215,0.14,0.015,BA
421,DCP,2,6.945,0,0.165,0.15,0.02,BA
422,DCP,1,9.115,0,0.47,0.17,0.025,BA
423,DCP,1,8.07,0,0.13,0.13,0.03,BA
424,DCP,1,8.675,0,0.38,0.155,0.05,BA
425,DCP,1,8.355,0,0.345,0.09,0.09,BA
426,DCP,1,10.895,0,0.26,0.135,0.065,BA
427,DCP,1,6.735,0,0,0.045,0.02,BA
428,DCP,1,5.13,0,0,0.045,0,BA
429,DCP,1,4.64,0,0,0.06,0.025,BA
430,DCP,1,6.2,0,0,0.07,0.015,BA
431,DCP,1,6.74,0,0,0.055,0.005,BA
432,DCP,1,5.365,0,0,0.055,0.015,BA
433,DCP,1,9.565,0,0.44,0.135,0.02,BA
434,DCP,1,10.665,0,0.41,0.165,0.025,BA
435,DCP,1,9.68,0,0.445,0.42,0.005,MA
436,DCP,1,10.245,0,0.56,0.145,0.01,MA
437,DCP,1,6.795,0,0,0.14,0.045,BA
438,DCP,1,8.3,0,0,0.29,0.015,BA
439,DCP,1,5.74,0,0,0.425,0.025,MA
440,DCP,1,10.58,0,0.555,0.135,0.015,BA
441,DCP,1,10.77,0,0.43,0.095,0.03,BA
442,DCP,1,9.185,0,0.4,0.18,0.01,BA
443,DCP,1,11.155,0,0.645,0.215,0.03,MA
444,DCP,1,10.445,0,0.63,0.385,0.045,MA
445,DCP,1,9.805,0,0.45,0.19,0.015,BA
446,DCP,1,7.355,0,0,0.035,0.015,BA
447,DCP,1,6.41,0,0,0.035,0.01,BA
448,DCP,1,4.755,0,0,0.05,0.025,BA
449,DCP,1,6.045,0,0,0.04,0.01,BA
450,DCP,1,8.005,0,0,0.045,0.005,BA
451,DCP,1,6.44,0,0,0.05,0.02,BA
452,DCP,1,8.21,0,0,0.095,0,BA
453,DCP,1,11.28,0,0.295,0.15,0.04,BA
454,DCP,1,12.295,0,0.355,0.15,0.03,BA
455,DCP,1,9.035,0,0,0.22,0.035,BA
456,DCP,1,8.85,0,0,0.145,0.005,BA
457,DCP,1,8.65,0,0,0.29,0.015,BA
458,DCP,1,6.25,0,0,0.13,0.005,BA
459,DCP,1,7.75,0,0,0.14,0.01,BA
460,DCP,1,11.46,0,0.79,0.155,0.01,MA
461,DCP,1,12.925,0,0.5,0.13,0.02,BA
462,DCP,1,8.6,0,0.175,0.135,0,BA
463,DCP,1,8.445,0,0.39,0.135,0.025,BA
464,DCP,1,9.175,0,0.17,0.16,0.005,BA
465,DCP,1,7.725,0,0.09,0.085,0.005,BA
466,DCP,1,9.52,0,0.51,0.205,0.015,MA
467,DCP,1,9.38,0,0,0.21,0.03,BA
468,DCP,1,10.455,0,0,0.125,0.02,BA
469,DCP,1,9.71,0,0.085,0.26,0.01,BA
470,DCP,1,8.24,0,0.31,0.18,0.005,BA
471,DCP,1,10.58,0,0.415,0.17,0.02,BA
472,DCP,1,10.15,0,0.3,0.135,0.02,BA
473,DCP,1,12.69,0,0.365,0.135,0.07,BA
474,DCP,1,13.685,0,0.595,0.155,0.02,BA
475,DCP,1,10.72,0,0.325,0.105,0.015,BA
476,DCP,1,9.11,0,0.1,0.1,0.015,BA
477,DCP,1,8.835,0,0,0.11,0.015,BA
478,DCP,1,10.235,0,0.585,0.095,0,MA
479,DCP,1,10.05,0,0.215,0.1,0.02,BA
480,DCP,1,8.67,0,0,0.05,0.06,BA
481,DCP,1,6.485,0,0,0.09,0.01,BA
482,DCP,1,11.155,0,0.345,0.095,0.01,BA
483,DCP,1,9.43,0,0.595,0.08,0.005,MA
484,DCP,1,10.095,0,0.545,0.09,0.01,MA
485,DCP,1,13.355,0,0.535,0.175,0.035,BA
486,DCP,1,13.255,0,0.475,0.125,0.025,BA
487,DCP,1,9.555,0,0.335,0.105,0.01,BA
488,DCP,1,9.15,0,0.455,0.085,0.005,BA
489,DCP,1,13.2,0,0.705,0.345,0.03,MA
490,DCP,1,14.635,0,0.75,0.31,0.055,MA
491,DCP,1,12.195,0,0.5,0.245,0.025,BA
492,DCP,1,12.375,0,0.57,0.16,0.02,BA
493,DCP,1,8.705,0,0.365,0.12,0.02,BA
494,DCP,1,11.63,0,0.495,0.14,0.005,BA
495,DCP,1,6.05,0,0,0.055,0.02,BA
496,DCP,1,5.775,0,0,0.085,0.025,BA
497,DCP,1,6.675,0,0,0.085,0.03,BA
498,DCP,1,10.035,0,0.35,0.275,0.03,BA
499,DCP,1,8.425,0,0.3,0.13,0.005,BA
500,DCP,1,11.495,0,0.375,0.175,0.015,BA
501,DCP,1,9.67,0,0.25,0.235,0.02,BA
502,DCP,1,7.46,0,0.37,0.115,0.02,BA
503,DCP,1,8.125,0,0.595,0.095,0,MA
504,DCP,1,6.975,0,0.4,0.085,0.005,MA
505,DCP,1,8.215,0,0.34,0.14,0.005,BA
506,DCP,1,10.975,0,0.58,0.095,0.035,BA
507,DCP,1,6.45,0,0,0.08,0.05,BA
508,DCP,1,8.235,0,0,0.095,0.025,BA
509,DCP,1,7.43,0,0,0.17,0.05,BA
510,DCP,1,8.28,0,0,0.17,0.01,BA
511,DCP,1,9.08,0,0,0.065,0.05,BA
512,DCP,1,6.02,0,0,0.065,0.02,BA
513,DCP,1,5.415,0,0,0.055,0.025,BA
514,DCP,1,7.36,0,0,0.06,0.02,BA
515,DCP,1,8.745,0,0.595,0.115,0.02,MA
516,DCP,1,9.015,0,0.415,0.05,0,BA
517,DCP,1,5.94,0,0.065,0.405,0.065,MA
518,DCP,1,11.315,0,0.48,0.115,0.005,BA
519,DCP,1,8.98,0,0.41,0.12,0.015,BA
520,DCP,1,11.06,0,0.435,0.1,0.025,BA
521,DCP,1,12.225,0,0.635,0.14,0.015,BA
522,DCP,1,11.28,0,0.27,0.145,0.02,BA
523,DCP,1,6.845,0,0.81,0.135,0.02,MA
524,DCP,1,8.77,0,0.47,0.135,0.03,BA
525,DCP,1,10.105,0,2.24,0.185,0.03,MA
526,DCP,1,11.7,0,1.13,0.135,0,MA
527,DCP,1,6.55,0,0.32,0.33,0.05,MA
528,DCP,1,8.205,0,0.57,0.115,0,MA
529,DCP,1,9.88,0,0.33,0.13,0,BA
530,DCP,1,6.095,0,0,0.1,0.02,BA
531,DCP,1,5.97,0,0,0.135,0.02,BA
532,DCP,1,6.04,0,0,0.13,0.01,BA
533,DCP,1,6.375,0,0,0.14,0.03,BA
534,DCP,1,9.075,0,0,0.125,0.015,BA
535,DCP,1,18.95,0,0.53,0.895,0.175,MA
536,DCP,1,6.545,0,0,0.06,0.015,BA
537,DCP,1,5.31,0,0,0.1,0.02,BA
538,DCP,1,5.675,0,0,0.075,0.015,BA
539,DCP,1,6.105,0,0,0.095,0.03,BA
540,DCP,1,6.99,0,0,0.065,0,BA
541,DCP,1,5.355,0,0,0.09,0.015,BA
542,DCP,1,6.335,0,0,0.06,0.015,BA
543,DCP,1,6.58,0,0,0.095,0.015,BA
544,DCP,1,6.125,0,0,0.055,0.015,BA
545,DCP,1,6.83,0,0,0.095,0.035,BA
546,DCP,1,6.25,0,0,0.1,0.035,BA
547,DCP,1,5.04,0,0,0.06,0.015,BA
548,DCP,1,10.785,0,0.65,0.125,0.025,MA
549,DCP,1,8.385,0,0.285,0.18,0.03,BA
550,DCP,1,7.845,0,0.38,0.18,0.01,BA
551,DCP,1,8.7,0,0,0.08,0.025,BA
552,DCP,1,6.23,0,0,0.08,0.01,BA
553,DCP,1,9.555,0,0.375,0.08,0.005,BA
554,DCP,1,9.85,0,0.575,0.1,0.025,MA
555,DCP,1,8.205,0,0.08,0.135,0.005,BA
556,DCP,1,11.45,0,0,0.115,0.015,BA
557,DCP,1,7.015,0,0,0.125,0.01,BA
558,DCP,1,6.805,0,0,0.19,0.035,BA
559,DCP,1,8.705,0,0,0.085,0.045,BA
560,DCP,1,8.6,0,0,0.13,0.045,BA
561,DCP,1,7.85,0,0.175,0.075,0.005,BA
562,DCP,1,7.82,0,0,0.14,0.05,BA
563,DCP,1,6.38,0,0.205,0.145,0.005,BA
564,DCP,1,6.495,0,0,0.135,0.01,BA
565,DCP,1,6.11,0,0,0.105,0.015,BA
566,DCP,1,7.72,0,0,0.075,0.035,BA
567,DCP,1,7.96,0,0,0.14,0.005,BA
568,DCP,1,6.7,0,0,0.19,0.025,BA
569,DCP,1,7.05,0,0.32,0.17,0,BA
570,DCP,3,7.335,0,0.125,0.14,0.015,BA
571,DCP,1,6.04,0,0,0.13,0.02,BA
572,DCP,1,6.24,0,0,0.14,0.01,BA
573,DCP,1,7.75,0,0.06,0.18,0.02,BA
574,DCP,1,6.4,0,0.05,0.1,0.065,BA
575,DCP,1,6.325,0,0,0.13,0.03,BA
576,DCP,1,6.95,0,0,0.21,0.01,BA
577,DCP,1,6.31,0,0,0.04,0.045,BA
578,DCP,1,7.91,0,0,0.09,0.045,BA
579,DCP,1,8.865,0,0,0.085,0.055,BA
580,DCP,1,7.395,0,0,0.125,0.12,BA
581,DCP,1,6.31,0,0,0.05,0.015,BA
582,DCP,1,6.81,0,0,0.065,0.04,BA
583,DCP,1,5.955,0,0,0.06,0.015,BA
584,DCP,1,7.7,0,0.09,0.055,0.02,BA
585,DCP,1,6.755,0,0.075,0.07,0,BA
586,DCP,1,6.545,0,0.135,0.085,0.015,BA
587,DCP,1,6.71,0,0.195,0.06,0.01,BA
588,DCP,1,6.93,0,0,0.09,0.015,BA
589,DCP,1,7.03,0,0,0.21,0.035,BA
590,DCP,1,6.46,0,0.31,0.105,0.01,BA
591,DCP,1,7,0,0.07,0.205,0.025,BA
592,DCP,1,7.495,0,0,0.21,0.035,BA
593,DCP,3,10.22,0,0.15,0.34,0.13,MA
594,DCP,3,5.625,0,0.395,0.095,0.025,MA
595,DCP,3,7.91,0,0.46,0.13,0.04,MA
596,DCP,3,5.425,0,0,0.155,0.035,BA
597,DCP,3,6.255,0,0.66,0.185,0.005,MA
598,DCP,1,6.665,0,0.185,0.6,0.015,MA
599,DCP,1,9.555,0,0.35,0.115,0.04,BA
600,DCP,1,7.67,0,0,0.24,0.045,BA
601,DCP,1,8.7,0,0.08,0.25,0.095,BA
602,DCP,3,8.3,0,0.23,0.085,0.02,BA
603,DCP,3,8.435,0,0.38,0.075,0.01,BA
604,DCP,3,8.165,0,0.095,0.055,0.025,BA
605,DCP,3,4.9,0,0.095,0.2,0.035,MA
606,DCP,3,6.28,0,0.225,0.14,0.09,BA
607,DCP,3,6.2,0,0.35,0.09,0,MA
608,DCP,3,6.245,0,0.26,0.45,0.085,MA
609,DCP,1,8.095,0,0.22,0.135,0.02,BA
610,DCP,1,7.425,0,0,0.145,0.08,BA
611,DCP,1,8.01,0,0.26,0.105,0.025,BA
612,DCP,1,5.835,0,0.225,0.12,0.02,BA
613,DCP,1,5.4,0,0,0.75,0.02,MA
614,DCP,1,7.3,0,0.125,0.225,0.02,BA
615,DCP,1,8.745,0,0,0.35,0.075,MA
616,DCP,3,6.28,0,0.14,0.225,0.09,MA
617,DCP,3,6.2,0,0.35,0.09,0,MA
618,DCP,3,6.7,0,0,0.27,0.07,MA
619,DCP,3,7.3,0,0.31,0.385,0.015,MA
620,DCP,3,7.885,0,0.255,0.155,0.08,BA
621,DCP,3,7.885,0,0.255,0.155,0.08,BA
622,DCP,1,6.7,0,0.12,0.1,0.165,BA
623,DCP,1,9.55,0,0,0.065,0.04,BA
624,DCP,1,10.4,0,0.36,0.07,0.075,BA
625,DCP,1,9.97,0,0,0.105,0.035,BA
626,DCP,1,7.925,0,0,0.615,0.06,MA
627,DCP,1,6.86,0,0,0.47,0.045,MA
628,DCP,1,8.675,0,0,0.76,0.055,MA
629,DCP,1,6.86,0,0,0.135,0.025,BA
630,DCP,1,7.67,0,0,0.24,0.11,MA
631,DCP,1,7.805,0,0.305,0.37,0.04,MA
632,DCP,1,5.145,0,0.28,0.365,0.05,MA
633,DCP,1,10.155,0,0.19,0.17,0,BA
634,DCP,1,7.52,0,0.325,0.125,0.09,BA
635,DCP,1,7.7,0,0,0.155,0.025,BA
636,DCP,1,9.585,0,0,0.21,0.04,BA
637,DCP,1,8.235,0,0.225,0.14,0.015,BA
638,DCP,1,8.9,0,0.375,0.115,0.025,BA
639,DCP,1,9.245,0,0.325,0.435,0,MA
640,DCP,1,6.65,0,0.235,0.175,0.02,BA
641,DCP,1,7.025,0,0.175,0.255,0.03,BA
642,DCP,1,8.145,0,0.2,0.39,0.02,MA
643,DCP,1,7.7,0,0.14,0.295,0.03,BA
644,DCP,1,9.785,0,0.125,0.41,0.04,MA
645,DCP,1,6.9,0,0,0.45,0,MA
646,DCP,1,7.59,0,0,0.055,0.015,BA
647,DCP,1,9.2,0,0,0.055,0.095,BA
648,DCP,1,8.035,0,0,0.055,0.005,BA
649,DCP,1,5,0,0.555,0.17,0.03,MA
650,DCP,1,4.54,0,0.625,0.22,0.04,MA
651,DCP,1,4.895,0,0.56,0.175,0.03,MA
652,DCP,1,3.895,0,0.74,0.25,0.015,MA
653,DCP,1,7.9,0,0.115,0.115,0.035,BA
654,DCP,1,6.77,0,0,0.14,0.06,BA
655,DCP,1,6.185,0,0,0.1,0.005,BA
656,DCP,1,6.4,0,0.465,0.125,0.05,MA
657,DCP,1,5.89,0,0.12,0.08,0,BA
658,DCP,1,5.615,0,0.11,0.085,0.085,BA
659,DCP,1,6.79,0,0,0.18,0.01,BA
660,DCP,1,7.5,0,0,0.18,0.015,BA
661,DCP,1,10.3,0,0.235,0.15,0.06,BA
662,DCP,1,11.12,0,0,0.15,0.065,BA
663,DCP,1,5.975,0,0,0.14,0.015,BA
664,DCP,1,4.96,0,0,0.145,0.02,BA
665,DCP,1,6.12,0,0,0.14,0.01,BA
666,DCP,1,6.125,0,0,0.12,0.03,BA
667,DCP,1,8.755,0,0,0.3,0.025,BA
668,DCP,1,8.7,0,0,0.21,0.04,BA
669,DCP,1,10.35,0,0.215,0.19,0.05,BA
670,DCP,1,8.01,0,0.135,0.36,0.02,MA
671,DCP,1,8.62,0,0,0.2,0.07,BA
672,DCP,1,5.895,0,0,0.375,0.03,MA
673,DCP,1,8.04,0,0.205,0.64,0.045,MA
674,DCP,1,11.39,0,0,0.715,0.145,MA
675,DCP,1,8.82,0,0,0.975,0.1,MA
676,DCP,1,8.85,0,0.11,0.71,0.03,MA
677,DCP,1,7.93,0,0,0.16,0,BA
678,DCP,1,8.91,0,0,0.13,0.08,BA
679,DCP,1,7.815,0,0,0.165,0.095,BA
680,DCP,1,6.48,0,0.215,0.175,0.02,BA
681,DCP,1,7.29,0,0.035,0.195,0.015,BA
682,DCP,1,7.065,0,0.18,0.095,0.015,BA
683,DCP,1,7.605,0,0,0.135,0.06,BA
684,DCP,1,6.4,0,0,0.19,0.02,BA
685,DCP,1,9.13,0,0.39,0.15,0.05,BA
686,DCP,1,6.83,0,0.1,0.19,0.01,BA
687,DCP,1,9.195,0,0.16,0.18,0.02,BA
688,DCP,1,9.645,0,0,0.365,0.065,MA
689,DCP,1,10.62,0,0,0.67,0.145,MA
690,DCP,1,8.6,0,0.17,0.49,0,MA
691,DCP,1,8.07,0,0,0.48,0.065,MA
692,DCP,1,6.7,0,0.19,0.085,0.075,BA
693,DCP,1,6.61,0,0,0.085,0.035,BA
694,DCP,1,6.8,0,0.195,0.05,0.065,BA
695,DCP,1,7.56,0,0,0.23,0.08,BA
696,DCP,1,7.7,0,0.18,0.315,0.095,MA
697,DCP,1,8.075,0,0,0.265,0.02,BA
698,DCP,1,7.255,0,0,0.205,0.04,BA
699,DCP,1,7.21,0,0,0.275,0.015,BA
700,DCP,1,7.2,0,0,0.11,0.06,BA
701,DCP,1,9.855,0,0.445,0.095,0.005,BA
702,DCP,1,10.38,0,0.425,0.235,0.025,BA
703,DCP,1,7.61,0,0,0.38,0.04,MA
704,DCP,1,10.27,0,0,0.35,0.04,BA
705,DCP,1,6.575,0,0,0.92,0.1,MA
706,DCP,1,10.7,0,0.31,1.185,0.06,MA
707,DCP,1,7.045,0,0.08,0.06,0.01,BA
708,DCP,1,5.73,0,0,0.1,0.05,BA
709,DCP,1,6.1,0,0,0.165,0.04,BA
710,DCP,1,5.96,0,0,0.08,0.055,BA
711,DCP,1,8.435,0,0.115,0.14,0.105,BA
712,DCP,1,8.5,0,0.14,0.04,0.07,BA
713,DCP,1,8.8,0,0,0.275,0,BA
714,DCP,1,10.1,0,0.27,0.98,0.07,MA
715,DCP,1,7.245,0,0.1,1.125,0.01,MA
716,DCP,1,10.375,0,0.39,1.685,0.105,MA
717,DCP,1,9.65,0,0,0.92,0.085,MA
718,DCP,1,8.04,0,0.495,0.065,0.005,MA
719,DCP,1,6.61,0,0.325,0.51,0.05,MA
720,DCP,1,7.565,0,0.215,0.37,0.03,MA
721,DCP,1,8.64,0,0.265,0.535,0.04,MA
722,DCP,1,9.125,0,0.295,0.41,0.045,MA
723,DCP,1,9.25,0,0.33,0.925,0.055,MA
724,DCP,1,7.275,0,0.255,0.785,0.035,MA
725,DCP,1,9.06,0,0,0.11,0.01,BA
726,DCP,1,8.145,0,0,0.175,0.01,BA
727,DCP,1,9.335,0,0,0.155,0.08,BA
728,DCP,1,6.805,0,0,0.075,0.005,BA
729,DCP,1,7.085,0,0,0.075,0.005,BA
730,DCP,1,8.395,0,0,0.07,0.07,BA
731,DCP,1,9.84,0,0,0.115,0.03,BA
732,DCP,1,8.48,0,0,0.355,0.06,MA
733,DCP,1,10.855,0,0,0.72,0.055,MA
734,DCP,1,7.055,0,0,0.065,0.005,BA
735,DCP,1,7.415,0,0,0.055,0,BA
736,DCP,1,9.78,0,0,0.09,0.01,BA
737,DCP,1,7.875,0,0,0.075,0.05,BA
738,DCP,1,9.435,0,0.8,0.1,0.01,MA
739,DCP,1,7.295,0,0,0.045,0.01,BA
740,DCP,1,7.59,0,0,0.055,0.015,BA
741,DCP,1,7.29,0,0,0.055,0.005,BA
742,DCP,1,8.035,0,0,0.055,0.005,BA
743,DCP,1,5,0,0.555,0.17,0.03,MA
744,DCP,1,4.54,0,0.625,0.22,0.04,MA
745,DCP,1,4.895,0,0.56,0.175,0.03,MA
746,DCP,1,4.7,0,0,0.25,0.04,MA
747,DCP,1,8.095,0,0.28,1.035,0.1,MA
748,DCP,1,9.3,0,0.225,0.835,0.065,MA
749,DCP,1,10.19,0,0.32,0.83,0.045,MA
750,DCP,1,11.67,0,0.33,1.065,0.08,MA
751,DCP,1,7.115,0,0.2,0.535,0.045,MA
752,DCP,1,7.305,0,0.2,0.49,0.04,MA
753,DCP,1,6.33,0,0,0.055,0.005,BA
754,DCP,1,6.2,0,0,0.045,0.025,BA
755,DCP,1,6.405,0,0,0.055,0.03,BA
756,DCP,1,7.405,0,0,0.085,0,BA
757,DCP,1,9.745,0,0.27,0.87,0.03,MA
758,DCP,1,8.62,0,0.14,0.9,0.05,MA
759,DCP,1,5.87,0,0,0.085,0.01,BA
760,DCP,1,6.11,0,0,0.045,0.03,BA
761,DCP,1,6,0,0,0.15,0.08,BA
762,DCP,1,5.2,0,0,0.16,0.07,MA
763,DCP,1,5.55,0,0,0.065,0.02,BA
764,DCP,1,6.27,0,0,0.075,0.015,BA
765,DCP,1,5.58,0,0,0.05,0.005,BA
766,DCP,1,7.215,0,0,0.075,0.01,BA
767,DCP,1,6.445,0,0,0.065,0.025,BA
768,DCP,1,5.9,0,0,0.075,0,BA
769,DCP,1,6.28,0,0,0.065,0.015,BA
770,DCP,1,7.25,0,0,0.5,0.04,MA
771,DCP,1,4.665,0,0.755,0.065,0,MA
772,DCP,1,7.015,0,0.155,0.535,0.045,MA
773,DCP,1,6.59,0,0,0.16,0,BA
774,DCP,1,6.2,0,0.68,0.12,0.055,MA
775,DCP,1,9.275,0,0,0.08,0.015,BA
776,DCP,1,8.205,0,0,0.265,0.035,BA
777,DCP,1,6.88,0,0.32,0.18,0.005,BA
778,DCP,1,7.01,0,0,0.135,0.005,BA
779,DCP,1,6,0,0.19,0.14,0.045,BA
780,DCP,1,7.07,0,0,0.175,0.02,BA
781,DCP,1,6.325,0,0,0.06,0.04,BA
782,DCP,1,9.2,0,0.305,0.44,0.015,MA
783,DCP,1,7.765,0,0,0.46,0.05,MA
784,DCP,1,9.92,0,0.11,0.5,0.065,MA
785,DCP,1,8.48,0,0.15,0.49,0.02,MA
786,DCP,1,6.54,0,0,0.075,0.015,BA
787,DCP,1,9.085,0,0,0.15,0.105,BA
788,DCP,1,5.705,0,0,0.09,0.035,BA
789,DCP,1,6.4,0,0,0.11,0.08,BA
790,DCP,1,7.43,0,0,0.575,0.05,MA
791,DCP,1,7.245,0,0,0.95,0.025,MA
792,DCP,1,10.64,0,0.165,0.63,0.04,MA
793,DCP,1,7.785,0,0,0.38,0.04,MA
794,DCP,1,7.49,0,0,0.1,0.015,BA
795,DCP,1,6.5,0,0,0.153,0.032,BA
796,DCP,1,7.615,0,0,0.175,0.015,BA
797,DCP,1,8.7,0,0.185,1.01,0.005,MA
798,DCP,1,6.815,0,0.085,0.13,0.015,BA
799,DCP,1,7.115,0,0.175,0.39,0.015,MA
800,DCP,1,9.73,0,0.305,0.435,0.05,MA
801,DCP,1,9.815,0,0.21,0.2,0.18,BA
802,DCP,1,8.609,0,0,0.365,0.056,MA
803,DCP,1,7.865,0,0,0.05,0.04,BA
804,DCP,1,5.52,0,0,0.09,0.043,BA
805,DCP,1,6.485,0,0,0.08,0.04,BA
806,DCP,1,6.22,0,0,0.06,0.025,BA
807,DCP,1,5.095,0,0,0.045,0.01,BA
808,DCP,1,6.52,0,0,0.08,0.04,BA
809,DCP,1,6.53,0,0,0.065,0.075,BA
810,DCP,1,7.235,0,0,0.07,0.01,BA
811,DCP,1,10.7,0,0.2,1.065,0.095,MA
812,DCP,1,10.21,0,0,0.645,0.1,MA
813,DCP,1,9.65,0,0.775,0.115,0.005,MA
814,DCP,1,8.39,0,0.205,0.965,0.065,MA
815,DCP,1,6.945,0,0,0.47,0.05,MA
816,DCP,1,8.735,0,0.425,0.525,0.055,MA
817,DCP,1,6.41,0,0.82,0.595,0.005,MA
818,DCP,1,7.29,0,0,1.3,0.055,MA
819,DCP,1,5.325,0,0,0.09,0.06,BA
820,DCP,1,5.875,0,0,0.17,0.055,BA
821,DCP,1,5.59,0,0,0.1,0.02,BA
822,DCP,1,6.73,0,0,0.12,0.01,BA
823,DCP,1,6.17,0,0,0.085,0.035,BA
824,DCP,1,5.77,0,0,0.12,0.02,BA
825,DCP,1,6.755,0,0,0.13,0.03,BA
826,DCP,1,6.905,0,0,0.1,0.02,BA
827,DCP,1,6.795,0,0,0.085,0.035,BA
828,DCP,1,7.445,0,0,0.255,0.04,BA
829,DCP,1,8.4,0,0.195,0.735,0.01,MA
830,DCP,1,10.1,0,0,0.15,0.04,BA
831,DCP,1,11.775,0,0,0.785,0.08,MA
832,DCP,1,6.755,0,0,0.4,0.04,MA
833,DCP,1,7.175,0,0,0.54,0.06,MA
834,DCP,1,9,0,0.31,0.87,0.025,MA
835,DCP,1,7.395,0,0,0.085,0.07,BA
836,DCP,1,6.7,0,0.165,0.065,0.055,BA
837,DCP,1,6.4,0,0,0.045,0.015,BA
838,DCP,1,8.02,0,0,0.05,0.07,BA
839,DCP,1,6.7,0,0.145,0.05,0.005,BA
840,DCP,1,7.53,0,0,0.07,0.05,BA
841,DCP,1,8.6,0,1.655,0.425,0.02,MA
842,DCP,1,9.795,0,0.27,1.6,0.12,MA
843,DCP,1,6.825,0,0.125,0.18,0.015,BA
844,DCP,1,6.3,0,0.48,0.075,0.055,MA
845,DCP,1,6.5,0,0.32,0.09,0,BA
846,DCP,1,8.71,0,0.375,0.215,0.015,BA
847,DCP,1,9.365,0,0.33,0.34,0.02,BA
848,DCP,1,8.565,0,0.29,0.415,0.02,MA
849,DCP,1,8.345,0,0,0.745,0.075,MA
850,DCP,1,6.9,0,0.175,0.375,0.03,MA
851,DCP,1,7.855,0,0,0.11,0,BA
852,DCP,1,7.62,0,0,0.105,0,BA
853,DCP,1,4.975,0,0,0.06,0.07,BA
854,DCP,1,6.315,0,0,0.115,0.01,BA
855,DCP,1,5.7,0,0,0.045,0.005,BA
856,DCP,1,8,0,0.25,0.415,0.045,MA
857,DCP,1,7.12,0,0,0.095,0.055,BA
858,DCP,1,8.67,0,0,0.08,0.03,BA
859,DCP,1,6.71,0,0.21,0.27,0.02,MA
860,DCP,1,5.69,0,0,0.205,0.025,BA
861,DCP,1,7.71,0,0,0.18,0.1,BA
862,DCP,1,8.675,0,0,0.125,0.025,BA
863,DCP,1,9.6,0,0.325,0.81,0.05,MA
864,DCP,1,7.9,0,0.19,0.09,0.06,BA
865,DCP,1,9.305,0,0.14,0.91,0,MA
866,DCP,1,10.06,0,0.41,0.535,0.05,MA
867,DCP,1,8.515,0,0.245,0.505,0.03,MA
868,DCP,1,13.03,0,0.32,0.84,0.055,MA
869,DCP,1,8.44,0,0.345,0.37,0.02,MA
870,DCP,1,7.035,0,0.19,0.12,0.025,BA
871,DCP,1,6.895,0,0,0.105,0.075,BA
872,DCP,1,8.55,0,0.27,0.2,0.005,BA
873,DCP,1,7.385,0,0.065,0.07,0.01,BA
874,DCP,1,10.55,0,0,0.815,0.085,MA
875,DCP,1,9.45,0,0.485,0.865,0.025,MA
876,DCP,1,8.315,0,0.125,0.08,0.015,BA
877,DCP,1,5.655,0,0,0.07,0.035,BA
878,DCP,1,7.255,0,0.275,0.105,0.075,BA
879,DCP,1,9.265,0,0.245,1.1,0.06,MA
880,DCP,1,10.875,0,0.295,1.2,0.09,MA
881,DCP,1,8.785,0,0.485,1.105,0.035,MA
882,DCP,1,9.705,0,0.255,1.335,0.065,MA
883,DCP,1,6.4,0,0.11,1.065,0.05,MA
884,DCP,1,8.57,0,0.18,0.095,0.02,BA
885,DCP,1,8.835,0,0,0.28,0.025,BA
886,DCP,1,7.43,0,0.225,0.14,0.025,BA
887,DCP,1,5.765,0,0.325,0.045,0.075,MA
888,DCP,1,6.29,0,0.34,0.045,0.05,MA
889,DCP,1,8.11,0,0.245,0.85,0.045,MA
890,DCP,1,7.355,0,0.475,1.325,0.045,MA
891,DCP,1,9.67,0,0.25,0.8,0.05,MA
892,DCP,1,9.435,0,0.095,1.295,0.085,MA
893,DCP,1,9.82,0,0.415,0.88,0.075,MA
894,DCP,1,10.255,0,0.3,1.505,0.025,MA
895,DCP,1,12.1,0,1.05,0.1,0.02,MA
896,DCP,1,13.605,0,1.035,0.08,0.05,MA
897,DCP,1,7.235,0,0.235,0.18,0.035,BA
898,DCP,1,6.985,0,0.12,0.625,0.12,MA
899,DCP,1,7.545,0,0.2,0.325,0.015,MA
900,DCP,1,6.705,0,0.08,0.42,0.105,MA
901,DCP,1,6.145,0,0.32,0.25,0.01,MA
902,DCP,1,7.605,0,0.16,0.265,0.03,BA
903,DCP,1,7.445,0,0.19,0.31,0.025,MA
904,DCP,1,7.79,0,0.2,0.29,0.045,MA
905,DCP,3,8.15,0,0.34,0.55,0.145,MA
906,DCP,3,8.155,0,0.405,1.09,0.11,MA
907,DCP,3,7.855,0,0.15,0.695,0.085,MA
908,DCP,3,6.5,0,0.435,1.03,0.01,MA
909,DCP,3,6.4,0,0.195,1.92,0.085,MA
910,DCP,3,8.745,0,0.765,0.3,0,MA
911,DCP,3,7.93,0,0.4,0.625,0.11,MA
912,DCP,3,7.3,0,0.32,0.75,0.04,MA
913,DCP,3,6,0,0.095,0.055,0.025,BA
914,DCP,3,9.79,0,0.61,1.14,0.12,MA
915,DCP,3,8.5,0,0.23,0.185,0.05,BA
916,DCP,3,10.2,0,0.58,1.05,0.085,MA
917,DCP,3,6.89,0,0.595,0.26,0.11,MA
918,DCP,3,9.405,0,0.085,0.345,0.05,BA
919,DCP,3,9.4,0,0.565,1.07,0.075,MA
920,DCP,3,6.4,0,0.735,0.81,0.045,MA
921,DCP,3,8.81,0,0.255,0.97,0,MA
922,DCP,3,5.84,0,0.675,0.725,0.095,MA
923,DCP,3,6.98,0,0.37,1.19,0.035,MA
924,DCP,3,7.77,0,1.21,0.055,0.1,MA
925,DCP,3,7.065,0,0.7,1.235,0.095,MA
926,DCP,3,9.3,0,0.54,0.53,0.045,MA
927,DCP,3,9.6,0,0.36,0.655,0.045,MA
928,DCP,3,7,0,0.07,0.095,0.095,BA
929,DCP,3,7.8,0,0.205,0.065,0.055,BA
930,DCP,3,7.325,0,0.365,0.06,0.06,BA
931,DCP,3,7.235,0,0.37,0.07,0.04,BA
932,DCP,3,9.17,0,0.615,0.955,0.065,MA
933,DCP,3,7.505,0,0.23,1.015,0.025,MA
934,DCP,3,9.265,0,0.52,1.915,0.08,MA
935,DCP,3,6.625,0,0.165,0.36,0.02,MA
936,DCP,3,7.8,0,0.335,0.93,0.035,MA
937,DCP,3,10.31,0,0.38,0.745,0.045,MA
938,DCP,3,8.635,0,0.205,0.585,0.025,MA
939,DCP,3,5.01,0,0.13,0.41,0.015,MA
940,DCP,3,6.95,0,0.145,0.91,0.02,MA
941,DCP,3,6.76,0,0.17,0.41,0.025,MA
942,DCP,3,6.155,0,0.31,0.2,0.025,MA
943,DCP,3,8.395,0,0.275,0.49,0.06,MA
944,DCP,3,7.415,0,0.4,0.435,0.05,MA
945,DCP,3,8.47,0,0.11,0.055,0.035,BA
946,DCP,3,5.705,0,0,0.055,0.155,BA
947,DCP,3,6.085,0,0,0.09,0.055,BA
948,DCP,3,7.545,0,0,0.065,0,BA
949,DCP,3,6.85,0,0.1,0.31,0.04,MA
950,DCP,3,6.605,0,0.22,0.295,0.015,MA
951,DCP,3,7.74,0,0.21,0.305,0.025,BA
952,DCP,3,8.37,0,0.415,0.37,0.035,MA
953,DCP,3,8.7,0,0.28,0.78,0.01,MA
954,DCP,3,7.47,0,0.09,0.605,0.05,MA
955,DCP,3,7.54,0,0,0.6,0.135,MA
956,DCP,3,8.3,0,0.28,0.805,0.015,MA
957,DCP,3,8.545,0,0.115,0.435,0.035,MA
958,DCP,3,7.06,0,0,0.36,0.065,MA
959,DCP,3,8.31,0,0,0.37,0.06,MA
960,DCP,3,9.255,0,0.105,0.47,0.07,MA
961,DCP,3,9.385,0,0.795,0.065,0.005,MA
962,DCP,3,7.49,0,0.255,0.16,0.015,BA
963,DCP,3,7.14,0,0.295,0.14,0.01,BA
964,DCP,1,5.4,0,0,0.065,0.035,BA
965,DCP,1,5.98,0,0,0.12,0.02,BA
966,DCP,1,6.685,0,0,0.125,0.055,BA
967,DCP,1,5.865,0,0,0.1,0.025,BA
968,DCP,1,7.52,0,0,0.045,0.045,BA
969,DCP,1,7.45,0,0.225,0.0955,0.0045,BA
970,DCP,1,7.58,0,0,0.05,0.05,BA
971,DCP,1,6.825,0,0.085,0.065,0.05,BA
972,DCP,1,8.92,0,0.39,0.385,0.045,MA
973,DCP,1,8.11,0,0.47,0.36,0.03,MA
974,DCP,1,6.075,0,0.33,0.185,0.045,MA
975,DCP,1,9.275,0,0.565,0.255,0.025,MA
976,DCP,1,8.02,0,0.12,0.215,0.01,BA
977,DCP,1,7.87,0,0.18,0.115,0.02,BA
978,DCP,1,6.5,0,0.205,0.21,0.045,BA
979,DCP,1,8.395,0,0,0.345,0.01,MA
980,DCP,1,8.765,0,0,0.32,0.045,BA
981,DCP,1,8.25,0,0,0.185,0.025,BA
982,DCP,1,6.756,0,0,0.185,0.004,BA
983,DCP,1,7.425,0,0,0.245,0.02,BA
984,DCP,1,5.735,0,0.11,0.29,0.03,MA
985,DCP,1,7.675,0,0.44,0.335,0.025,MA
986,DCP,1,7.365,0,0.12,0.52,0.03,MA
987,DCP,1,6.155,0,0.12,0.47,0.02,MA
988,DCP,1,6.565,0,0.365,0.8,0.07,MA
989,DCP,1,6.71,0,0.27,0.86,0.155,MA
990,DCP,1,7.3,0,0.095,0.155,0.075,BA
991,DCP,1,9.6,0,0.09,0.12,0.05,BA
992,DCP,1,8.295,0,0,0.325,0.035,MA
993,DCP,1,9.045,0,0,0.235,0.025,BA
994,DCP,1,5.355,0,0,0.105,0.005,BA
995,DCP,1,7.77,0,0.085,0.27,0,BA
996,DCP,1,6.095,0,0,0.31,0.07,MA
997,DCP,1,6.8,0,0,0.24,0.015,BA
998,DCP,1,6.2,0,0,0.5,0.065,MA
999,DCP,1,6.335,0,0,0.25,0.04,MA
1000,DCP,1,6.505,0,0,0.525,0.04,MA
1001,DCP,1,9.94,0,0.345,0.325,0.035,BA
1002,DCP,1,5.705,0,0.125,0.21,0.035,MA
1003,DCP,1,9.6,0,0.065,0.24,0.01,BA
1004,DCP,1,8.11,0,0.095,0.24,0.005,BA
1005,DCP,1,4.365,0,0,0.275,0.04,MA
1006,DCP,1,7.36,0,0,0.155,0.03,BA
1007,DCP,1,7.295,0,0,0.45,0.04,MA
1008,DCP,1,7.455,0,0,0.625,0.085,MA
1009,DCP,1,5.125,0,0,0.185,0.035,MA
1010,DCP,1,8.5,0,0.435,0.205,0.055,MA
1011,DCP,1,6.515,0,0.195,0.185,0.015,BA
1012,DCP,1,8.96,0,0.115,0.255,0,BA
1013,DCP,1,12.09,0,0.27,0.465,0.035,BA
1014,DCP,1,12.055,0,0.15,0.205,0.01,BA
1015,DCP,1,10.685,0,0.475,0.13,0.01,BA
1016,DCP,1,5.46,0,0.235,0.215,0.02,MA
1017,DCP,1,8.18,0,0.215,0.125,0.03,BA
1018,DCP,1,7.795,0,0.175,0.19,0.03,BA
1019,DCP,1,7.495,0,0.35,0.195,0.015,BA
1020,DCP,1,8.235,0,0.325,0.29,0.03,MA
1021,DCP,1,8.455,0,0.245,0.345,0.025,MA
1022,DCP,1,6.8,0,0,0.11,0.01,BA
1023,DCP,1,6.32,0,0,0.11,0.01,BA
1024,DCP,1,7.655,0,0,0.13,0.01,BA
1025,DCP,1,7.735,0,0.425,0.255,0.025,MA
1026,DCP,1,7.595,0,0.3,0.24,0.015,BA
1027,DCP,1,8.015,0,0.21,0.35,0.035,MA
1028,DCP,1,7.885,0,0.22,0.225,0.025,BA
1029,DCP,1,10.23,0,0.27,0.37,0.025,BA
1030,DCP,1,7.21,0,0.21,0.275,0.15,MA
1031,DCP,1,8.32,0,0.375,0.395,0.055,MA
1032,DCP,1,10.585,0,0.57,0.385,0.035,MA
1033,DCP,1,7.605,0,0.3,0.365,0.03,MA
1034,DCP,1,6.575,0,0.37,0.63,0.045,MA
1035,DCP,1,6.795,0,0.385,0.21,0.05,MA
1036,DCP,1,5.68,0,0.215,0.07,0.01,BA
1037,DCP,1,7.62,0,0.165,0.79,0.075,MA
1038,DCP,1,7.005,0,0.275,0.92,0.065,MA
1039,DCP,1,10.285,0,0.105,0.32,0.005,BA
1040,DCP,1,7.145,0,0.44,0.065,0,MA
1041,DCP,1,9.285,0,0.44,0.04,0,BA
1042,DCP,1,7.555,0,0.485,0.07,0,MA
1043,DCP,1,6.1,0,0.16,0.045,0.075,BA
1044,DCP,1,6.7,0,0.23,0.064,0.076,BA
1045,DCP,1,6.415,0,0.265,0.055,0.005,BA
1046,DCP,1,7.8,0,0.195,0.06,0.005,BA
1047,DCP,1,9.7,0,2.3,0.42,0.045,MA
1048,DCP,1,10.15,0,0,0.275,0.01,BA
1049,DCP,1,5.155,0,0.46,0.65,0.04,MA
1050,DCP,1,6.955,0,0.435,0.795,0.045,MA
1051,DCP,1,7.13,0,0.49,0.81,0.035,MA
1052,DCP,1,6.26,0,0.51,0.89,0.035,MA
1053,DCP,1,11.095,0,1.603,0.115,0.047,MA
1054,DCP,1,5.85,0,0,0.05,0.04,BA
1055,DCP,1,5.65,0,0,0.05,0.03,BA
1056,DCP,1,7.26,0,0,0.135,0.035,BA
1057,DCP,1,7.95,0,0,0.08,0.04,BA
1058,DCP,1,7.855,0,0.325,0.4,0.035,MA
1059,DCP,1,7.98,0,0.5,0.73,0.045,MA
1060,DCP,1,5.735,0,0.41,0.365,0.015,MA
1061,DCP,1,7.02,0,0.31,0.545,0.02,MA
1062,DCP,1,7.175,0,0.445,0.46,0.04,MA
1063,DCP,1,6.125,0,0.6,0.96,0.03,MA
1064,DCP,1,6.82,0,0.585,0.715,0.045,MA
1065,DCP,1,8.64,0,0.54,0.905,0.02,MA
1066,DCP,1,7.215,0,0.375,0.54,0.035,MA
1067,DCP,1,8.31,0,0.395,0.385,0.065,MA
1068,DCP,1,9.865,0,0.325,0.225,0.01,BA
1069,DCP,1,8.145,0,0.125,0.08,0.065,BA
1070,DCP,1,5.16,0,0.07,0.19,0,BA
1071,DCP,1,9.58,0,0.185,0.32,0.015,BA
1072,DCP,1,6.66,0,0.12,0.28,0.03,MA
1073,DCP,1,5.17,0,0,0.14,0.035,BA
1074,DCP,1,6.71,0,0.215,0.175,0.04,BA
1075,DCP,1,7.6,0,0.195,0.305,0.025,MA
1076,DCP,1,8.78,0,0.6,0.585,0.03,MA
1077,DCP,1,4.89,0,0.305,0.465,0.03,MA
1078,DCP,1,6.015,0,0.14,0.305,0.035,MA
1079,DCP,1,7.375,0,0.345,0.495,0.025,MA
1080,DCP,1,7.75,0,0.51,0.62,0.03,MA
1081,DCP,1,11.835,0,1.01,0.08,0.03,MA
1082,DCP,1,8.075,0,0.255,0.115,0,BA
1083,DCP,1,8.54,0,0.225,0.34,0.015,BA
1084,DCP,1,15.01,0,1.13,0.125,0.045,MA
1085,DCP,1,5.4,0,0.19,0.04,0,BA
1086,DCP,1,6.75,0,0.355,0.07,0.01,BA
1087,DCP,1,6.425,0,0.29,0.045,0.05,BA
1088,DCP,1,7.215,0,0.415,0.495,0.025,MA
1089,DCP,1,7.32,0,0.345,0.345,0.015,MA
1090,DCP,1,6.425,0,0.325,0.295,0.04,MA
1091,DCP,1,8.46,0,0.4,0.6,0.02,MA
1092,DCP,1,6,0,0.17,0.055,0.06,BA
1093,DCP,1,5.295,0,0.43,0.04,0,MA
1094,DCP,1,6.915,0,0.315,0.045,0,BA
1095,DCP,1,6,0,0.22,0.07,0.06,BA
1096,DCP,1,5.935,0,0.35,0.235,0.095,MA
1097,DCP,1,6.91,0,0.35,0.525,0.01,MA
1098,DCP,1,6.23,0,0.58,0.35,0.06,MA
1099,DCP,1,5.52,0,0.295,0.265,0.05,MA
1100,DCP,1,6.41,0,0.215,0.405,0.045,MA
1101,DCP,1,5.6,0,0.175,0.205,0.025,BA
1102,DCP,1,6.81,0,0.27,0.285,0.025,MA
1103,DCP,1,7.9,0,0.21,0.29,0.035,BA
1104,DCP,1,4.98,0,0.165,0.235,0.025,MA
1105,DCP,1,7.715,0,0.245,0.2,0.025,BA
1106,DCP,1,6.515,0,0.37,0.075,0.005,MA
1107,DCP,1,6.705,0,0.39,0.125,0.015,MA
1108,DCP,1,5.265,0,0.26,0.105,0.015,BA
1109,DCP,1,5.72,0,0.145,0.115,0.025,BA
1110,DCP,1,5.095,0,0.44,0.09,0.025,MA
1111,DCP,1,6.505,0,0.345,0.14,0.025,MA
1112,DCP,1,7.04,0,0.21,0.095,0.04,BA
1113,DCP,1,7.945,0,0.175,0.54,0.025,MA
1114,DCP,1,10,0,0.235,0.665,0.03,MA
1115,DCP,1,5.555,0,0.33,0.265,0.02,MA
1116,DCP,1,7.39,0,0.425,0.385,0.06,MA
1117,DCP,1,7.57,0,0.54,0.41,0.05,MA
1118,DCP,3,13.69,0,1.86,0.4,0.09,MA
1119,DCP,1,6.065,0,0.35,0.96,0.035,MA
1120,DCP,1,5.51,0,0.215,0.715,0.04,MA
1121,DCP,1,6.705,0,0.535,0.68,0.055,MA
1122,DCP,3,7.6,0,0.085,0.155,0.055,BA
1123,DCP,3,5,0,0,0.05,0,BA
1124,DCP,1,6.885,0,0.695,0.81,0.01,MA
1125,DCP,1,5.955,0,0.61,0.435,0.035,MA
1126,DCP,1,6.19,0,0.495,0.325,0.135,MA
1127,DCP,1,6.6,0,0.38,0.58,0.025,MA
1128,DCP,1,7.705,0,0.48,0.54,0,MA
1129,DCP,1,4.6,0,0.28,0.405,0.045,MA
1130,DCP,1,6.33,0,0.29,0.365,0.02,MA
1131,DCP,1,7.44,0,0.335,0.45,0.04,MA
1132,DCP,1,7.81,0,0.53,0.655,0.015,MA
1133,DCP,1,5.44,0,0.09,0.14,0.015,BA
1134,DCP,1,5.8,0,0.055,0.135,0.01,BA
1135,DCP,1,6.315,0,0,0.265,0.065,MA
1136,DCP,1,5.56,0,0.14,0.135,0.01,BA
1137,DCP,1,5.235,0,0.085,0.1,0.03,BA
1138,DCP,1,6.21,0,0,0.17,0.055,BA
1139,DCP,1,6.405,0,0,0.165,0.045,BA
1140,DCP,1,5.79,0,0,0.16,0.01,BA
1141,DCP,1,6.565,0,0.08,0.28,0.01,MA
1142,DCP,1,5.485,0,0.485,0.4,0.04,MA
1143,DCP,1,7.365,0,0.44,0.585,0.05,MA
1144,DCP,1,6.35,0,0.475,0.73,0.04,MA
1145,DCP,1,5.125,0,0.345,0.375,0.025,MA
1146,DCP,1,9.9,0,0.395,0.555,0.045,MA
1147,DCP,1,9.535,0,0.265,0.345,0.045,BA
